id,firstName,lastName,email,number
1,Lewis,Doyle,joiz@guucaide.kg,7433954939
2,Polly,Wilkerson,he@figkuce.mo,8385413592
3,Steve,Park,uvinhok@hit.eg,0981613425
4,Bradley,Reid,bovbip@epidos.gw,8348916475
5,Mary,Underwood,few@nasbuta.co,9134636392
6,Shane,Richardson,bew@gid.tm,0747273863
7,Tillie,Fernandez,cibmi@nizja.la,5159520510
8,Zachary,Mendoza,vopa@sadzu.nu,8643765255
9,Estelle,Singleton,itufic@budale.gq,5249846260
10,Leo,Hampton,josvup@medceeh.hn,2280075054
11,Marcus,Barker,edsac@madjezwej.gu,5921522105
12,Bernard,Schultz,migesfug@wi.ls,2353070566
13,Myrtie,Mitchell,tifvo@runna.as,3956210066
14,Manuel,Stewart,cintacefe@muzsub.dm,9080791632
15,Luella,Copeland,muuma@hafsu.al,0381398528
16,Carlos,Jacobs,vom@hegetu.us,8300519819
17,Raymond,Brooks,tew@ruoktov.kw,8616201929
18,Herman,Newton,pihu@tewfefvu.pr,3646691252
19,Bobby,Hampton,vabid@beekime.sm,6979336735
20,Birdie,Marshall,na@me.hn,3428362068
